"uid_ini","uid_rec","AI","year"
"R176_L222","R718",0.2,2018
"R176_L222","R777_R889",0.111111111111111,2018
"R247_R539_L433","R297",0.166666666666667,2018
"R247_R539_L433","R627",0.0476190476190476,2018
"R291","R523",0.0909090909090909,2018
"R291","R739",0.0714285714285714,2018
"R291","R741_R1232",0.037037037037037,2018
"R296","R523",0.0588235294117647,2018
"R296","R572",0.0588235294117647,2018
"R296","R591",0.0384615384615385,2018
"R296","R716",0.04,2018
"R296","R753",0.0416666666666667,2018
"R297","R150_R751_L230",0.111111111111111,2018
"R297","R713",0.0416666666666667,2018
"R305","R713",0.0434782608695652,2018
"R305","R777_R889",0.166666666666667,2018
"R316","R150_R751_L230",0.166666666666667,2018
"R316","R247_R539_L433",0.0909090909090909,2018
"R316","R471",0.0769230769230769,2018
"R316","R587",0.0454545454545455,2018
"R316","R714",0.0357142857142857,2018
"R316","R719",0.0909090909090909,2018
"R364","R601",0.25,2018
"R368","R423",0.111111111111111,2018
"R368","R790",0.166666666666667,2018
"R368","R799",0.142857142857143,2018
"R377","R591",0.04,2018
"R404","R305",0.25,2018
"R404","R726",0.1,2018
"R423","R520_L575",0.0833333333333333,2018
"R423","R778",0.0555555555555556,2018
"R423","R781",0.142857142857143,2018
"R423","R784",0.125,2018
"R436","R601",0.25,2018
"R462_R577","R730",0.05,2018
"R466","R479",0.0526315789473684,2018
"R466","R627",0.0476190476190476,2018
"R466","R752",0.0714285714285714,2018
"R466","R767",0.125,2018
"R466","R778",0.0625,2018
"R471","R437",0.166666666666667,2018
"R471","R523",0.142857142857143,2018
"R476_R580","R726",0.1,2018
"R479","R713",0.04,2018
"R479","R727",0.0555555555555556,2018
"R479","R728",0.0714285714285714,2018
"R479","R750",0.0416666666666667,2018
"R479","R752",0.0454545454545455,2018
"R479","R756",0.0476190476190476,2018
"R489","R423",0.125,2018
"R489","R518_L560",0.166666666666667,2018
"R489","R520_L575",0.0909090909090909,2018
"R499","R756",0.2,2018
"R518_L560","R368",0.142857142857143,2018
"R518_L560","R737",0.04,2018
"R520_L575","R611",0.0476190476190476,2018
"R520_L575","R717",0.0454545454545455,2018
"R520_L575","R729",0.0416666666666667,2018
"R561","R296",0.0526315789473684,2018
"R561","R437",0.2,2018
"R570","R738",0.05,2018
"R584","R291",0.05,2018
"R584","R611",0.0909090909090909,2018
"R584","R713",0.0416666666666667,2018
"R584","R714",0.148148148148148,2018
"R584","R719",0.0714285714285714,2018
"R587","R296",0.0416666666666667,2018
"R587","R745",0.05,2018
"R587","R747",0.0476190476190476,2018
"R591","R291",0.037037037037037,2018
"R591","R561",0.12,2018
"R591","R584",0.0384615384615385,2018
"R591","R587",0.037037037037037,2018
"R591","R728",0.0689655172413793,2018
"R591","R737",0.0384615384615385,2018
"R593","R176_L222",0.166666666666667,2018
"R593","R476_R580",0.25,2018
"R593","R684",0.333333333333333,2018
"R599","R730",0.0476190476190476,2018
"R605","R728",0.0384615384615385,2018
"R605","R777_R889",0.125,2018
"R611","R591",0.0357142857142857,2018
"R611","R648",0.157894736842105,2018
"R611","R752",0.0454545454545455,2018
"R623","R584",0.0714285714285714,2018
"R623","R591",0.04,2018
"R623","R607",0.333333333333333,2018
"R627","R150_R751_L230",0.0476190476190476,2018
"R627","R291",0.0416666666666667,2018
"R627","R297",0.0454545454545455,2018
"R627","R316",0.0434782608695652,2018
"R627","R471",0.0476190476190476,2018
"R627","R584",0.0434782608695652,2018
"R627","R599",0.05,2018
"R627","R605",0.1,2018
"R627","R732",0.0416666666666667,2018
"R627","R769",0.05,2018
"R646","R741_R1232",0.04,2018
"R646","R747",0.0666666666666667,2018
"R648","R713",0.0454545454545455,2018
"R648","R752",0.0769230769230769,2018
"R685_R836","R486_R650",1,2018
"R688","R479",0.0555555555555556,2018
"R688","R767",0.2,2018
"R693","R599",0.166666666666667,2018
"R693","R601",0.2,2018
"R713","R581",0.0454545454545455,2018
"R713","R591",0.0740740740740741,2018
"R713","R611",0.148148148148148,2018
"R714","R291",0.037037037037037,2018
"R714","R479",0.0740740740740741,2018
"R714","R591",0.0357142857142857,2018
"R714","R611",0.346153846153846,2018
"R714","R713",0.185185185185185,2018
"R714","R752",0.115384615384615,2018
"R716","R291",0.0434782608695652,2018
"R716","R377",0.0454545454545455,2018
"R716","R520_L575",0.0454545454545455,2018
"R716","R587",0.0869565217391304,2018
"R716","R591",0.222222222222222,2018
"R716","R646",0.0454545454545455,2018
"R716","R738",0.0384615384615385,2018
"R717","R296",0.0384615384615385,2018
"R717","R587",0.0833333333333333,2018
"R717","R591",0.37037037037037,2018
"R717","R646",0.0434782608695652,2018
"R717","R716",0.375,2018
"R724","R075_L114_L277",0.166666666666667,2018
"R724","R150_R751_L230",0.111111111111111,2018
"R724","R316",0.166666666666667,2018
"R724","R599",0.25,2018
"R724","R627",0.05,2018
"R724","R759",0.142857142857143,2018
"R726","R150_R751_L230",0.0833333333333333,2018
"R726","R316",0.166666666666667,2018
"R726","R437",0.1,2018
"R726","R471",0.0833333333333333,2018
"R726","R523",0.0909090909090909,2018
"R726","R724",0.0909090909090909,2018
"R727","R587",0.0555555555555556,2018
"R728","R291",0.037037037037037,2018
"R728","R423",0.0384615384615385,2018
"R728","R462_R577",0.0384615384615385,2018
"R728","R581",0.0384615384615385,2018
"R728","R584",0.0769230769230769,2018
"R728","R611",0.5,2018
"R728","R648",0.0384615384615385,2018
"R728","R713",0.178571428571429,2018
"R728","R714",0.357142857142857,2018
"R729","R587",0.08,2018
"R729","R591",0.444444444444444,2018
"R729","R716",0.291666666666667,2018
"R729","R717",0.36,2018
"R729","R739",0.0416666666666667,2018
"R730","R176_L222",0.142857142857143,2018
"R730","R247_R539_L433",0.0454545454545455,2018
"R730","R305",0.05,2018
"R730","R587",0.0384615384615385,2018
"R730","R623",0.05,2018
"R730","R627",0.166666666666667,2018
"R730","R724",0.0454545454545455,2018
"R730","R759",0.0476190476190476,2018
"R730","R777_R889",0.0476190476190476,2018
"R732","R296",0.0833333333333333,2018
"R732","R377",0.1,2018
"R732","R591",0.192307692307692,2018
"R732","R716",0.217391304347826,2018
"R732","R717",0.25,2018
"R732","R729",0.208333333333333,2018
"R732","R745",0.0476190476190476,2018
"R732","R748",0.0454545454545455,2018
"R733","R296",0.0588235294117647,2018
"R733","R745",0.0833333333333333,2018
"R733","R775",0.5,2018
"R734","R291",0.0416666666666667,2018
"R734","R479",0.0384615384615385,2018
"R734","R584",0.04,2018
"R734","R591",0.0769230769230769,2018
"R734","R611",0.28,2018
"R734","R713",0.12,2018
"R734","R714",0.230769230769231,2018
"R734","R728",0.0357142857142857,2018
"R734","R813_R1020",0.0476190476190476,2018
"R737","R462_R577",0.0434782608695652,2018
"R737","R479",0.08,2018
"R737","R584",0.04,2018
"R737","R611",0.269230769230769,2018
"R737","R713",0.153846153846154,2018
"R737","R714",0.423076923076923,2018
"R737","R728",0.321428571428571,2018
"R737","R734",0.333333333333333,2018
"R737","R752",0.04,2018
"R737","R779",0.0416666666666667,2018
"R738","R296",0.166666666666667,2018
"R738","R377",0.0476190476190476,2018
"R738","R526",0.05,2018
"R738","R587",0.08,2018
"R738","R591",0.0740740740740741,2018
"R738","R715",0.05,2018
"R738","R717",0.08,2018
"R738","R718",0.05,2018
"R738","R729",0.037037037037037,2018
"R738","R732",0.04,2018
"R738","R738",0.05,2018
"R738","R741_R1232",0.037037037037037,2018
"R738","R764",0.05,2018
"R739","R611",0.0476190476190476,2018
"R739","R732",0.0526315789473684,2018
"R741_R1232","R296",0.115384615384615,2018
"R741_R1232","R587",0.230769230769231,2018
"R741_R1232","R591",0.37037037037037,2018
"R741_R1232","R716",0.24,2018
"R741_R1232","R717",0.192307692307692,2018
"R741_R1232","R729",0.28,2018
"R741_R1232","R732",0.32,2018
"R741_R1232","R753",0.037037037037037,2018
"R742","R296",0.05,2018
"R742","R377",0.111111111111111,2018
"R742","R591",0.04,2018
"R742","R738",0.0454545454545455,2018
"R743","R296",0.0869565217391304,2018
"R743","R520_L575",0.0476190476190476,2018
"R743","R587",0.04,2018
"R743","R591",0.285714285714286,2018
"R743","R716",0.24,2018
"R743","R717",0.291666666666667,2018
"R743","R729",0.269230769230769,2018
"R743","R732",0.115384615384615,2018
"R743","R741_R1232",0.0769230769230769,2018
"R743","R775",0.05,2018
"R745","R296",0.315789473684211,2018
"R745","R377",0.181818181818182,2018
"R745","R561",0.0769230769230769,2018
"R745","R591",0.0769230769230769,2018
"R745","R716",0.0434782608695652,2018
"R745","R717",0.12,2018
"R745","R729",0.0384615384615385,2018
"R745","R738",0.136363636363636,2018
"R745","R741_R1232",0.111111111111111,2018
"R745","R742",0.125,2018
"R745","R743",0.0869565217391304,2018
"R745","R748",0.0666666666666667,2018
"R746","R724",0.166666666666667,2018
"R747","R296",0.0476190476190476,2018
"R747","R520_L575",0.0588235294117647,2018
"R747","R591",0.153846153846154,2018
"R747","R716",0.142857142857143,2018
"R747","R717",0.136363636363636,2018
"R747","R729",0.208333333333333,2018
"R747","R732",0.1,2018
"R747","R741_R1232",0.08,2018
"R747","R743",0.238095238095238,2018
"R747","R748",0.0588235294117647,2018
"R748","R296",0.0555555555555556,2018
"R748","R587",0.0454545454545455,2018
"R748","R591",0.153846153846154,2018
"R748","R716",0.0869565217391304,2018
"R748","R717",0.0434782608695652,2018
"R748","R729",0.0769230769230769,2018
"R748","R741_R1232",0.0769230769230769,2018
"R748","R743",0.05,2018
"R750","R291",0.0416666666666667,2018
"R750","R466",0.0476190476190476,2018
"R750","R587",0.0384615384615385,2018
"R750","R591",0.0357142857142857,2018
"R750","R611",0.2,2018
"R750","R646",0.0454545454545455,2018
"R750","R713",0.16,2018
"R750","R714",0.192307692307692,2018
"R750","R728",0.214285714285714,2018
"R750","R734",0.08,2018
"R750","R737",0.0769230769230769,2018
"R750","R741_R1232",0.0740740740740741,2018
"R750","R747",0.0416666666666667,2018
"R750","R752",0.0434782608695652,2018
"R750","R777_R889",0.0952380952380952,2018
"R752","R767",0.0666666666666667,2018
"R753","R150_R751_L230",0.0454545454545455,2018
"R753","R316",0.0434782608695652,2018
"R753","R584",0.0909090909090909,2018
"R753","R627",0.260869565217391,2018
"R753","R730",0.318181818181818,2018
"R754","R753",0.0588235294117647,2018
"R756","R714",0.0384615384615385,2018
"R756","R761",0.0909090909090909,2018
"R761","R291",0.0666666666666667,2018
"R761","R306",0.1,2018
"R761","R450",0.1,2018
"R761","R584",0.0588235294117647,2018
"R761","R591",0.037037037037037,2018
"R761","R607",0.0909090909090909,2018
"R761","R611",0.0476190476190476,2018
"R761","R627",0.0454545454545455,2018
"R761","R713",0.0416666666666667,2018
"R761","R727",0.0833333333333333,2018
"R761","R728",0.0769230769230769,2018
"R761","R734",0.0416666666666667,2018
"R764","R296",0.0588235294117647,2018
"R767","R479",0.0555555555555556,2018
"R767","R713",0.0454545454545455,2018
"R767","R714",0.0384615384615385,2018
"R767","R734",0.0454545454545455,2018
"R767","R737",0.0434782608695652,2018
"R769","R727",0.166666666666667,2018
"R769","R753",0.0588235294117647,2018
"R769","R761",0.0833333333333333,2018
"R777_R889","R291",0.0833333333333333,2018
"R777_R889","R739",0.142857142857143,2018
"R778","R479",0.0869565217391304,2018
"R778","R611",0.0909090909090909,2018
"R778","R648",0.0666666666666667,2018
"R778","R713",0.0833333333333333,2018
"R778","R714",0.0384615384615385,2018
"R778","R728",0.037037037037037,2018
"R778","R734",0.0434782608695652,2018
"R778","R737",0.125,2018
"R778","R750",0.0869565217391304,2018
"R778","R752",0.3125,2018
"R778","R756",0.0625,2018
"R778","R767",0.0625,2018
"R778","R780",0.0666666666666667,2018
"R779","R368",0.125,2018
"R779","R479",0.105263157894737,2018
"R781","R520_L575",0.111111111111111,2018
"R782","R790",0.5,2018
"R784","R781",0.25,2018
"R784","R799",0.2,2018
"R790","R799",0.25,2018
"R799","R520_L575",0.1,2018
"R799","R781",0.25,2018
"R800","R423",0.166666666666667,2018
"R812","R734",0.0476190476190476,2018
"R812","R737",0.0434782608695652,2018
"R813_R1020","R291",0.0714285714285714,2018
"R813_R1020","R584",0.0666666666666667,2018
"R813_R1020","R591",0.04,2018
"R813_R1020","R713",0.136363636363636,2018
"R813_R1020","R714",0.0384615384615385,2018
"R813_R1020","R728",0.0384615384615385,2018
"R813_R1020","R737",0.0434782608695652,2018
"R813_R1020","R743",0.0434782608695652,2018
"R813_R1020","R753",0.0588235294117647,2018
"R813_R1020","R769",0.125,2018
"R814","R507_R573",0.333333333333333,2018
"R814","R729",0.0416666666666667,2018
"R814","R745",0.0769230769230769,2018
"R815","R479",0.0526315789473684,2018
"R815","R627",0.0476190476190476,2018
"R815","R750",0.0476190476190476,2018
"R815","R752",0.0714285714285714,2018
"R815","R767",0.125,2018
"R815","R778",0.0625,2018
"R821","R523",0.333333333333333,2018
"R150_R751_L230","R584",0.0833333333333333,2019
"R150_R751_L230","R835",0.142857142857143,2019
"R150_R751_L230","R874",0.125,2019
"R150_R751_L230","R900",0.0769230769230769,2019
"R291","R316",0.111111111111111,2019
"R291","R714",0.0588235294117647,2019
"R291","R837_R1118_L1228",0.0666666666666667,2019
"R291","R843",0.1,2019
"R291","R866",0.0769230769230769,2019
"R316","R717",0.0454545454545455,2019
"R316","R799",0.166666666666667,2019
"R377","R587",0.0769230769230769,2019
"R478","R316",0.2,2019
"R478","R486_R650",0.2,2019
"R479","R853",0.142857142857143,2019
"R486_R650","R150_R751_L230",0.166666666666667,2019
"R561","R437",0.125,2019
"R561","R864",0.0625,2019
"R584","R291",0.0769230769230769,2019
"R584","R471",0.0833333333333333,2019
"R584","R835",0.0909090909090909,2019
"R587","R591",0.0588235294117647,2019
"R587","R713",0.0555555555555556,2019
"R587","R893",0.0588235294117647,2019
"R587","R901",0.0625,2019
"R591","R750",0.125,2019
"R605","R584",0.0833333333333333,2019
"R605","R844",0.142857142857143,2019
"R605","R866",0.1,2019
"R611","R390",0.0833333333333333,2019
"R611","R520_L575",0.0909090909090909,2019
"R611","R605",0.0769230769230769,2019
"R611","R713",0.0588235294117647,2019
"R611","R716",0.0909090909090909,2019
"R611","R872",0.153846153846154,2019
"R611","R885",0.0769230769230769,2019
"R611","R934",0.0909090909090909,2019
"R623","R591",0.1,2019
"R623","R713",0.0625,2019
"R627","R471",0.0833333333333333,2019
"R627","R584",0.266666666666667,2019
"R627","R605",0.0769230769230769,2019
"R627","R730",0.0833333333333333,2019
"R685_R836","R523",0.125,2019
"R685_R836","R584",0.0909090909090909,2019
"R685_R836","R599",0.142857142857143,2019
"R688","R611",0.0833333333333333,2019
"R688","R870",0.111111111111111,2019
"R693","R150_R751_L230",0.166666666666667,2019
"R713","R561",0.0588235294117647,2019
"R713","R741_R1232",0.0476190476190476,2019
"R713","R833",0.0666666666666667,2019
"R713","R897",0.0555555555555556,2019
"R714","R713",0.0588235294117647,2019
"R714","R860",0.0833333333333333,2019
"R714","R881",0.0769230769230769,2019
"R714","R901",0.0769230769230769,2019
"R714","R928",0.0769230769230769,2019
"R715","R587",0.0714285714285714,2019
"R715","R591",0.125,2019
"R716","R745",0.2,2019
"R716","R901",0.1,2019
"R717","R296",0.0454545454545455,2019
"R717","R479",0.0454545454545455,2019
"R717","R561",0.0454545454545455,2019
"R717","R587",0.0416666666666667,2019
"R717","R591",0.0434782608695652,2019
"R717","R734",0.0384615384615385,2019
"R726","R627",0.0909090909090909,2019
"R728","R713",0.0666666666666667,2019
"R729","R291",0.0555555555555556,2019
"R729","R591",0.0588235294117647,2019
"R729","R611",0.235294117647059,2019
"R729","R688",0.0625,2019
"R729","R713",0.0454545454545455,2019
"R729","R716",0.0666666666666667,2019
"R729","R717",0.0833333333333333,2019
"R729","R853",0.0625,2019
"R729","R860",0.0666666666666667,2019
"R729","R861",0.0666666666666667,2019
"R729","R863",0.0714285714285714,2019
"R729","R878",0.133333333333333,2019
"R729","R934",0.0666666666666667,2019
"R729","R952",0.0714285714285714,2019
"R730","R296",0.1,2019
"R730","R471",0.222222222222222,2019
"R730","R478",0.25,2019
"R730","R685_R836",0.333333333333333,2019
"R730","R753",0.142857142857143,2019
"R730","R813_R1020",0.125,2019
"R733","R878",0.166666666666667,2019
"R734","R713",0.05,2019
"R734","R714",0.1875,2019
"R734","R840",0.0714285714285714,2019
"R734","R855",0.0476190476190476,2019
"R734","R866",0.0714285714285714,2019
"R734","R886",0.0454545454545455,2019
"R734","R900",0.117647058823529,2019
"R738","R520_L575",0.25,2019
"R738","R688",0.142857142857143,2019
"R738","R747",0.0588235294117647,2019
"R738","R928",0.2,2019
"R741_R1232","R296",0.0555555555555556,2019
"R741_R1232","R520_L575",0.0526315789473684,2019
"R741_R1232","R561",0.0555555555555556,2019
"R741_R1232","R587",0.2,2019
"R741_R1232","R591",0.166666666666667,2019
"R741_R1232","R715",0.0555555555555556,2019
"R741_R1232","R716",0.111111111111111,2019
"R741_R1232","R717",0.0833333333333333,2019
"R741_R1232","R734",0.0476190476190476,2019
"R741_R1232","R745",0.0555555555555556,2019
"R741_R1232","R747",0.0476190476190476,2019
"R741_R1232","R750",0.0555555555555556,2019
"R741_R1232","R838",0.0526315789473684,2019
"R741_R1232","R864",0.05,2019
"R741_R1232","R882",0.04,2019
"R745","R587",0.0714285714285714,2019
"R747","R715",0.0625,2019
"R747","R717",0.173913043478261,2019
"R747","R833",0.0625,2019
"R750","R561",0.125,2019
"R753","R753",0.5,2019
"R799","R561",0.111111111111111,2019
"R799","R713",0.0588235294117647,2019
"R799","R714",0.0714285714285714,2019
"R799","R734",0.0769230769230769,2019
"R799","R777_R889",0.166666666666667,2019
"R799","R857",0.125,2019
"R813_R1020","R291",0.222222222222222,2019
"R814","R716",0.25,2019
"R831_R1034","R471",0.1,2019
"R831_R1034","R523",0.142857142857143,2019
"R831_R1034","R534_R846_L595",0.142857142857143,2019
"R831_R1034","R627",0.0769230769230769,2019
"R831_R1034","R838",0.0909090909090909,2019
"R832","R471",0.125,2019
"R832","R478",0.125,2019
"R832","R584",0.0833333333333333,2019
"R832","R627",0.0769230769230769,2019
"R832","R831_R1034",0.25,2019
"R832","R927",0.2,2019
"R833","R587",0.142857142857143,2019
"R833","R591",0.222222222222222,2019
"R833","R734",0.181818181818182,2019
"R833","R867",0.0833333333333333,2019
"R833","R900",0.1,2019
"R835","R623",0.2,2019
"R837_R1118_L1228","R713",0.0625,2019
"R837_R1118_L1228","R838",0.0909090909090909,2019
"R837_R1118_L1228","R850",0.1,2019
"R838","R561",0.0833333333333333,2019
"R838","R713",0.0625,2019
"R838","R714",0.142857142857143,2019
"R838","R845",0.1,2019
"R838","R866",0.166666666666667,2019
"R838","R893",0.0769230769230769,2019
"R838","R900",0.230769230769231,2019
"R840","R291",0.0714285714285714,2019
"R840","R837_R1118_L1228",0.166666666666667,2019
"R840","R850",0.0833333333333333,2019
"R840","R900",0.0714285714285714,2019
"R842","R843",0.333333333333333,2019
"R843","R729",0.0666666666666667,2019
"R844","R150_R751_L230",0.142857142857143,2019
"R844","R561",0.1,2019
"R845","R837_R1118_L1228",0.111111111111111,2019
"R850","R150_R751_L230",0.111111111111111,2019
"R850","R730",0.111111111111111,2019
"R850","R844",0.166666666666667,2019
"R851_L1148","R291",0.111111111111111,2019
"R851_L1148","R896",0.2,2019
"R852","R587",0.0769230769230769,2019
"R854","R623",0.111111111111111,2019
"R854","R713",0.125,2019
"R854","R728",0.142857142857143,2019
"R854","R857",0.25,2019
"R854","R897",0.2,2019
"R855","R296",0.0526315789473684,2019
"R855","R591",0.0526315789473684,2019
"R855","R717",0.363636363636364,2019
"R855","R741_R1232",0.0434782608695652,2019
"R855","R747",0.15,2019
"R855","R856",0.0555555555555556,2019
"R856","R717",0.0909090909090909,2019
"R856","R747",0.117647058823529,2019
"R856","R936",0.1,2019
"R860","R611",0.181818181818182,2019
"R860","R882",0.0454545454545455,2019
"R861","R843",0.2,2019
"R863","R316",0.5,2019
"R863","R611",0.0833333333333333,2019
"R863","R918",0.166666666666667,2019
"R864","R296",0.0625,2019
"R864","R627",0.0555555555555556,2019
"R864","R717",0.272727272727273,2019
"R864","R747",0.263157894736842,2019
"R864","R855",0.05,2019
"R864","R856",0.0588235294117647,2019
"R864","R861",0.0588235294117647,2019
"R865","R739",0.333333333333333,2019
"R865","R838",0.0909090909090909,2019
"R865","R840",0.0909090909090909,2019
"R865","R857",0.166666666666667,2019
"R865","R897",0.1,2019
"R866","R584",0.0769230769230769,2019
"R866","R714",0.0666666666666667,2019
"R866","R837_R1118_L1228",0.363636363636364,2019
"R866","R840",0.0909090909090909,2019
"R866","R850",0.111111111111111,2019
"R866","R855",0.0555555555555556,2019
"R866","R900",0.0833333333333333,2019
"R867","R713",0.0526315789473684,2019
"R867","R717",0.136363636363636,2019
"R867","R747",0.105263157894737,2019
"R867","R855",0.105263157894737,2019
"R867","R856",0.166666666666667,2019
"R867","R864",0.0588235294117647,2019
"R870","R611",0.25,2019
"R870","R856",0.0909090909090909,2019
"R870","R860",0.166666666666667,2019
"R870","R870",0.166666666666667,2019
"R871","R390",0.5,2019
"R872","R734",0.0714285714285714,2019
"R872","R853",0.25,2019
"R872","R882",0.0454545454545455,2019
"R872","R896",0.125,2019
"R874","R584",0.1,2019
"R874","R685_R836",0.125,2019
"R874","R730",0.111111111111111,2019
"R877","R729",0.142857142857143,2019
"R877","R839",0.5,2019
"R877","R843",0.666666666666667,2019
"R877","R891",0.111111111111111,2019
"R878","R853",0.125,2019
"R878","R860",0.142857142857143,2019
"R878","R863",0.166666666666667,2019
"R878","R891",0.0833333333333333,2019
"R878","R896",0.125,2019
"R879","R591",0.0909090909090909,2019
"R879","R717",0.0454545454545455,2019
"R879","R741_R1232",0.222222222222222,2019
"R879","R834",0.2,2019
"R879","R886",0.0555555555555556,2019
"R879","R894",0.2,2019
"R880","R591",0.125,2019
"R880","R857",0.25,2019
"R880","R897",0.111111111111111,2019
"R882","R717",0.25,2019
"R882","R747",0.166666666666667,2019
"R882","R855",0.130434782608696,2019
"R882","R856",0.0434782608695652,2019
"R882","R864",0.130434782608696,2019
"R882","R866",0.0434782608695652,2019
"R882","R867",0.173913043478261,2019
"R882","R887",0.0434782608695652,2019
"R882","R901",0.0416666666666667,2019
"R882","R934",0.0454545454545455,2019
"R883","R717",0.0454545454545455,2019
"R883","R741_R1232",0.0555555555555556,2019
"R883","R879",0.4,2019
"R885","R729",0.142857142857143,2019
"R885","R855",0.05,2019
"R885","R882",0.0454545454545455,2019
"R886","R717",0.130434782608696,2019
"R886","R736",0.0555555555555556,2019
"R886","R741_R1232",0.142857142857143,2019
"R886","R747",0.25,2019
"R886","R855",0.238095238095238,2019
"R886","R856",0.111111111111111,2019
"R886","R864",0.315789473684211,2019
"R886","R882",0.347826086956522,2019
"R886","R883",0.0555555555555556,2019
"R886","R887",0.0555555555555556,2019
"R886","R891",0.0952380952380952,2019
"R887","R717",0.0454545454545455,2019
"R887","R747",0.2,2019
"R887","R856",0.0833333333333333,2019
"R887","R864",0.0625,2019
"R891","R479",0.1,2019
"R891","R729",0.0588235294117647,2019
"R891","R767",0.111111111111111,2019
"R891","R843",0.1,2019
"R891","R860",0.111111111111111,2019
"R891","R861",0.111111111111111,2019
"R891","R863",0.222222222222222,2019
"R893","R561",0.0714285714285714,2019
"R893","R713",0.1875,2019
"R893","R714",0.0666666666666667,2019
"R893","R734",0.0625,2019
"R893","R741_R1232",0.0526315789473684,2019
"R893","R840",0.0714285714285714,2019
"R893","R857",0.0909090909090909,2019
"R895","R478",0.2,2019
"R896","R611",0.0769230769230769,2019
"R896","R627",0.0714285714285714,2019
"R897","R714",0.0625,2019
"R897","R857",0.111111111111111,2019
"R897","R867",0.0666666666666667,2019
"R897","R893",0.142857142857143,2019
"R898","R850",0.2,2019
"R900","R534_R846_L595",0.111111111111111,2019
"R900","R714",0.0625,2019
"R900","R799",0.0909090909090909,2019
"R900","R850",0.1,2019
"R900","R854",0.0909090909090909,2019
"R900","R857",0.181818181818182,2019
"R900","R864",0.0625,2019
"R900","R880",0.111111111111111,2019
"R900","R893",0.0714285714285714,2019
"R900","R897",0.0666666666666667,2019
"R901","R291",0.0833333333333333,2019
"R901","R713",0.125,2019
"R901","R734",0.0769230769230769,2019
"R901","R851_L1148",0.111111111111111,2019
"R901","R860",0.125,2019
"R901","R872",0.0909090909090909,2019
"R901","R910",0.111111111111111,2019
"R906","R478",0.2,2019
"R906","R523",0.25,2019
"R910","R561",0.222222222222222,2019
"R910","R587",0.0666666666666667,2019
"R910","R591",0.0909090909090909,2019
"R910","R713",0.0625,2019
"R910","R734",0.166666666666667,2019
"R910","R865",0.125,2019
"R910","R881",0.142857142857143,2019
"R910","R893",0.153846153846154,2019
"R911","R881",0.5,2019
"R911","R897",0.111111111111111,2019
"R918","R688",0.1,2019
"R918","R741_R1232",0.0476190476190476,2019
"R918","R767",0.166666666666667,2019
"R918","R853",0.111111111111111,2019
"R918","R872",0.111111111111111,2019
"R918","R878",0.25,2019
"R918","R891",0.0909090909090909,2019
"R927","R584",0.1,2019
"R928","R688",0.142857142857143,2019
"R934","R688",0.142857142857143,2019
"R934","R878",0.125,2019
"R936","R688",0.142857142857143,2019
"R951","R853",0.142857142857143,2019
"R951","R870",0.166666666666667,2019
"R952","R150_R751_L230",0.166666666666667,2019
"R1001","R983",0.285714285714286,2020
"R1004_R1249","R1016_R1261",0.0666666666666667,2020
"R1004_R1249","R1064",0.0714285714285714,2020
"R1004_R1249","R714",0.0416666666666667,2020
"R1004_R1249","R834",0.1875,2020
"R1006","R960",0.333333333333333,2020
"R1006","R979",1,2020
"R1015","R867",0.0588235294117647,2020
"R1016_R1261","R984_R1111_L1314",0.1,2020
"R1019","R1003",0.333333333333333,2020
"R1019","R623",0.142857142857143,2020
"R1070","R1004_R1249",0.0714285714285714,2020
"R150_R751_L230","R831_R1034",0.0588235294117647,2020
"R450","R591",0.1,2020
"R471","R478",0.0714285714285714,2020
"R478","R1003",0.125,2020
"R478","R523",0.111111111111111,2020
"R523","R627",0.0625,2020
"R561","R984_R1111_L1314",0.0476190476190476,2020
"R584","R478",0.0625,2020
"R587","R1004_R1249",0.117647058823529,2020
"R587","R834",0.0714285714285714,2020
"R591","R1016_R1261",0.0833333333333333,2020
"R591","R713",0.05,2020
"R597","R1004_R1249",0.0714285714285714,2020
"R605","R1003",0.0666666666666667,2020
"R605","R150_R751_L230",0.0625,2020
"R605","R478",0.0666666666666667,2020
"R605","R584",0.105263157894737,2020
"R605","R838",0.0555555555555556,2020
"R623","R605",0.0625,2020
"R623","R714",0.05,2020
"R627","R1003",0.0555555555555556,2020
"R627","R1062",0.0666666666666667,2020
"R627","R150_R751_L230",0.0666666666666667,2020
"R627","R471",0.0555555555555556,2020
"R627","R584",0.238095238095238,2020
"R627","R605",0.0476190476190476,2020
"R688","R587",0.0909090909090909,2020
"R695","R747",0.0769230769230769,2020
"R713","R1062",0.0526315789473684,2020
"R713","R523",0.0526315789473684,2020
"R713","R851_L1148",0.0526315789473684,2020
"R714","R1015",0.0416666666666667,2020
"R714","R591",0.05,2020
"R714","R713",0.0869565217391304,2020
"R714","R799",0.0416666666666667,2020
"R729","R1001",0.0625,2020
"R729","R1015",0.1,2020
"R729","R713",0.0384615384615385,2020
"R729","R714",0.0434782608695652,2020
"R729","R747",0.0476190476190476,2020
"R729","R838",0.0869565217391304,2020
"R729","R893",0.08,2020
"R729","R960",0.133333333333333,2020
"R729","R982",0.0625,2020
"R741_R1232","R1004_R1249",0.0526315789473684,2020
"R741_R1232","R1016_R1261",0.0666666666666667,2020
"R741_R1232","R561",0.0714285714285714,2020
"R741_R1232","R587",0.166666666666667,2020
"R741_R1232","R745",0.0769230769230769,2020
"R747","R1004_R1249",0.0526315789473684,2020
"R747","R587",0.105263157894737,2020
"R747","R591",0.0555555555555556,2020
"R799","R150_R751_L230",0.0666666666666667,2020
"R799","R623",0.0625,2020
"R799","R627",0.0526315789473684,2020
"R799","R747",0.0588235294117647,2020
"R799","R834",0.0769230769230769,2020
"R799","R838",0.105263157894737,2020
"R813_R1020","R150_R751_L230",0.142857142857143,2020
"R813_R1020","R623",0.125,2020
"R813_R1020","R714",0.05,2020
"R813_R1020","R983",0.166666666666667,2020
"R831_R1034","R1003",0.05,2020
"R831_R1034","R471",0.111111111111111,2020
"R831_R1034","R523",0.0555555555555556,2020
"R831_R1034","R584",0.181818181818182,2020
"R831_R1034","R605",0.1,2020
"R831_R1034","R623",0.05,2020
"R831_R1034","R627",0.0454545454545455,2020
"R831_R1034","R713",0.0434782608695652,2020
"R831_R1034","R714",0.04,2020
"R831_R1034","R799",0.05,2020
"R831_R1034","R832",0.0555555555555556,2020
"R831_R1034","R893",0.0384615384615385,2020
"R831_R1034","R951",0.0454545454545455,2020
"R832","R627",0.0625,2020
"R834","R1016_R1261",0.1,2020
"R834","R584",0.0666666666666667,2020
"R838","R1004_R1249",0.05,2020
"R838","R1015",0.0555555555555556,2020
"R838","R591",0.0526315789473684,2020
"R838","R713",0.227272727272727,2020
"R838","R714",0.0833333333333333,2020
"R838","R831_R1034",0.0434782608695652,2020
"R867","R729",0.0588235294117647,2020
"R867","R741_R1232",0.0666666666666667,2020
"R867","R747",0.0588235294117647,2020
"R867","R882",0.0909090909090909,2020
"R893","R1004_R1249",0.04,2020
"R893","R561",0.2,2020
"R893","R591",0.0454545454545455,2020
"R893","R623",0.0476190476190476,2020
"R893","R713",0.130434782608696,2020
"R893","R714",0.166666666666667,2020
"R893","R741_R1232",0.0434782608695652,2020
"R893","R838",0.0869565217391304,2020
"R901","R1015",0.25,2020
"R901","R867",0.285714285714286,2020
"R901","R882",0.153846153846154,2020
"R901","R928",0.0714285714285714,2020
"R901","R951",0.294117647058824,2020
"R910","R713",0.208333333333333,2020
"R910","R714",0.173913043478261,2020
"R910","R799",0.130434782608696,2020
"R910","R831_R1034",0.0384615384615385,2020
"R910","R834",0.0454545454545455,2020
"R910","R838",0.0833333333333333,2020
"R910","R893",0.25,2020
"R912","R450",0.4,2020
"R912","R584",0.142857142857143,2020
"R928","R1015",0.0769230769230769,2020
"R928","R591",0.0714285714285714,2020
"R945","R1004_R1249",0.0666666666666667,2020
"R945","R1015",0.0769230769230769,2020
"R945","R741_R1232",0.0714285714285714,2020
"R945","R747",0.0666666666666667,2020
"R951","R591",0.235294117647059,2020
"R951","R729",0.166666666666667,2020
"R951","R867",0.0625,2020
"R951","R882",0.0714285714285714,2020
"R951","R928",0.125,2020
"R951","R983",0.0666666666666667,2020
"R951","R984_R1111_L1314",0.0454545454545455,2020
"R951","R991",0.125,2020
"R952","R729",0.0666666666666667,2020
"R982","R1001",0.166666666666667,2020
"R982","R888",0.25,2020
"R982","R951",0.0714285714285714,2020
"R983","R584",0.0625,2020
"R983","R591",0.0909090909090909,2020
"R983","R714",0.05,2020
"R983","R838",0.0588235294117647,2020
"R983","R888",0.2,2020
"R983","R910",0.0476190476190476,2020
"R983","R982",0.142857142857143,2020
"R984_R1111_L1314","R1004_R1249",0.0434782608695652,2020
"R984_R1111_L1314","R1015",0.136363636363636,2020
"R984_R1111_L1314","R591",0.0952380952380952,2020
"R984_R1111_L1314","R713",0.0384615384615385,2020
"R984_R1111_L1314","R741_R1232",0.181818181818182,2020
"R984_R1111_L1314","R747",0.272727272727273,2020
"R984_R1111_L1314","R851_L1148",0.05,2020
"R984_R1111_L1314","R867",0.142857142857143,2020
"R984_R1111_L1314","R882",0.05,2020
"R984_R1111_L1314","R901",0.0869565217391304,2020
"R984_R1111_L1314","R987",0.05,2020
"R984_R1111_L1314","R991",0.15,2020
"R990","R150_R751_L230",0.136363636363636,2020
"R990","R471",0.142857142857143,2020
"R990","R605",0.0909090909090909,2020
"R990","R627",0.166666666666667,2020
"R990","R777_R889",0.0476190476190476,2020
"R990","R831_R1034",0.260869565217391,2020
"R990","R832",0.0454545454545455,2020
"R990","R910",0.037037037037037,2020
"R990","R951",0.0434782608695652,2020
"R991","R901",0.0714285714285714,2020
"L1128","R1001",0.142857142857143,2021
"L1128","R1051",0.0555555555555556,2021
"L1128","R1109",0.0666666666666667,2021
"L1128","R1119",0.0769230769230769,2021
"L1128","R1131",0.0526315789473684,2021
"L1128","R1134",0.142857142857143,2021
"L1128","R1135",0.25,2021
"L1128","R1155",0.0714285714285714,2021
"L1128","R1195",0.0769230769230769,2021
"L1128","R1204",0.0769230769230769,2021
"L1128","R1208",0.0714285714285714,2021
"L1128","R1230",0.0769230769230769,2021
"L1128","R584",0.125,2021
"L1128","R837_R1118_L1228",0.0666666666666667,2021
"L1128","R838",0.0588235294117647,2021
"L1167","R1115",0.333333333333333,2021
"R1001","R1131",0.0714285714285714,2021
"R1016_R1261","R1173",0.0714285714285714,2021
"R1016_R1261","R1176",0.111111111111111,2021
"R1032","L1128",0.0588235294117647,2021
"R1032","R1051",0.0666666666666667,2021
"R1032","R1069",0.0666666666666667,2021
"R1032","R1090",0.0714285714285714,2021
"R1032","R1120",0.1,2021
"R1032","R1121",0.105263157894737,2021
"R1032","R1187",0.111111111111111,2021
"R1032","R1245",0.1,2021
"R1032","R584",0.153846153846154,2021
"R1032","R867",0.0769230769230769,2021
"R1051","R1135",0.0555555555555556,2021
"R1051","R1208",0.0833333333333333,2021
"R1051","R584",0.0833333333333333,2021
"R1051","R714",0.0555555555555556,2021
"R1069","R1151",0.0625,2021
"R1069","R1152",0.0769230769230769,2021
"R1069","R834",0.0769230769230769,2021
"R1077","R1088",0.333333333333333,2021
"R1078","L1128",0.0476190476190476,2021
"R1078","R1016_R1261",0.0555555555555556,2021
"R1078","R1032",0.0526315789473684,2021
"R1078","R1107",0.0555555555555556,2021
"R1078","R1145",0.0588235294117647,2021
"R1078","R1147_L1194",0.0555555555555556,2021
"R1078","R1176",0.0555555555555556,2021
"R1078","R1187",0.0588235294117647,2021
"R1078","R1225",0.0588235294117647,2021
"R1078","R584",0.0526315789473684,2021
"R1078","R837_R1118_L1228",0.111111111111111,2021
"R1084","R1113",0.166666666666667,2021
"R1085","R1096_R1259",0.166666666666667,2021
"R1086","R1016_R1261",0.142857142857143,2021
"R1086","R1116_R1300",0.125,2021
"R1086","R1120",0.333333333333333,2021
"R1087","R1069",0.0666666666666667,2021
"R1087","R1097",0.0769230769230769,2021
"R1087","R597",0.111111111111111,2021
"R1087","R714",0.0625,2021
"R1087","R741_R1232",0.142857142857143,2021
"R1087","R838",0.0833333333333333,2021
"R1088","R1069",0.166666666666667,2021
"R1088","R1112",0.125,2021
"R1089","R1046",0.0909090909090909,2021
"R1089","R1112",0.0769230769230769,2021
"R1090","R1077",0.142857142857143,2021
"R1090","R1086",0.285714285714286,2021
"R1090","R1087",0.1,2021
"R1091","R1087",0.222222222222222,2021
"R1091","R1097",0.166666666666667,2021
"R1092","R1147_L1194",0.166666666666667,2021
"R1093","R1090",0.111111111111111,2021
"R1095","R1069",0.0714285714285714,2021
"R1095","R1078",0.05,2021
"R1095","R1093",0.125,2021
"R1095","R1115",0.166666666666667,2021
"R1095","R627",0.166666666666667,2021
"R1095","R838",0.0833333333333333,2021
"R1097","R1069",0.117647058823529,2021
"R1097","R1096_R1259",0.153846153846154,2021
"R1097","R1102",0.0909090909090909,2021
"R1097","R1104",0.3,2021
"R1097","R1136",0.2,2021
"R1097","R591",0.0833333333333333,2021
"R1097","R838",0.0769230769230769,2021
"R1097","R867",0.0833333333333333,2021
"R1097","R936",0.0909090909090909,2021
"R1102","R1069",0.142857142857143,2021
"R1102","R1089",0.0833333333333333,2021
"R1102","R1109",0.111111111111111,2021
"R1103","L1128",0.0666666666666667,2021
"R1103","R1135",0.0666666666666667,2021
"R1103","R1137",0.0833333333333333,2021
"R1103","R1157",0.2,2021
"R1103","R1248",0.2,2021
"R1103","R471",0.142857142857143,2021
"R1103","R584",0.1,2021
"R1104","R1096_R1259",0.1,2021
"R1104","R1110",0.142857142857143,2021
"R1104","R1136",0.4,2021
"R1104","R729",0.142857142857143,2021
"R1104","R867",0.1,2021
"R1105","L1128",0.0666666666666667,2021
"R1105","R1122",0.1,2021
"R1105","R1155",0.1,2021
"R1105","R584",0.222222222222222,2021
"R1106","R1105",0.142857142857143,2021
"R1106","R1126",0.166666666666667,2021
"R1109","R1089",0.0769230769230769,2021
"R1109","R1152",0.142857142857143,2021
"R1109","R838",0.1,2021
"R1110","R1097",0.0909090909090909,2021
"R1110","R1116_R1300",0.111111111111111,2021
"R1110","R597",0.111111111111111,2021
"R1112","R1069",0.0666666666666667,2021
"R1112","R1102",0.111111111111111,2021
"R1112","R1107",0.125,2021
"R1112","R1133",0.0625,2021
"R1112","R1145",0.1,2021
"R1112","R1152",0.111111111111111,2021
"R1112","R1155",0.0909090909090909,2021
"R1112","R1171",0.111111111111111,2021
"R1112","R1205",0.1,2021
"R1112","R584",0.0769230769230769,2021
"R1114","R1032",0.111111111111111,2021
"R1114","R1135",0.0714285714285714,2021
"R1116_R1300","R1069",0.0666666666666667,2021
"R1116_R1300","R1084",0.2,2021
"R1116_R1300","R1096_R1259",0.1,2021
"R1116_R1300","R1097",0.181818181818182,2021
"R1116_R1300","R1133",0.0588235294117647,2021
"R1116_R1300","R837_R1118_L1228",0.1,2021
"R1116_R1300","R867",0.1,2021
"R1119","R1135",0.0769230769230769,2021
"R1121","L1128",0.529411764705882,2021
"R1121","R1001",0.117647058823529,2021
"R1121","R1016_R1261",0.111111111111111,2021
"R1121","R1051",0.05,2021
"R1121","R1066",0.176470588235294,2021
"R1121","R1078",0.19047619047619,2021
"R1121","R1105",0.0555555555555556,2021
"R1121","R1126",0.0555555555555556,2021
"R1121","R1134",0.0588235294117647,2021
"R1121","R1137",0.1,2021
"R1121","R1143",0.0555555555555556,2021
"R1121","R1176",0.0588235294117647,2021
"R1121","R1181",0.0555555555555556,2021
"R1121","R1184",0.0588235294117647,2021
"R1121","R1198",0.0588235294117647,2021
"R1121","R1225",0.0588235294117647,2021
"R1121","R837_R1118_L1228",0.0555555555555556,2021
"R1121","R838",0.105263157894737,2021
"R1122","R1078",0.0526315789473684,2021
"R1122","R1095",0.0909090909090909,2021
"R1122","R1123",0.0833333333333333,2021
"R1123","L1128",0.0588235294117647,2021
"R1123","R1078",0.05,2021
"R1123","R1105",0.0909090909090909,2021
"R1123","R1121",0.157894736842105,2021
"R1123","R1131",0.0625,2021
"R1123","R1135",0.0666666666666667,2021
"R1123","R1143",0.1,2021
"R1123","R1188",0.0714285714285714,2021
"R1123","R1198",0.1,2021
"R1123","R1230",0.0909090909090909,2021
"R1123","R837_R1118_L1228",0.0769230769230769,2021
"R1123","R990",0.0769230769230769,2021
"R1125","R1131",0.0666666666666667,2021
"R1125","R1188",0.142857142857143,2021
"R1126","R1109",0.142857142857143,2021
"R1131","R1095",0.0625,2021
"R1131","R1103",0.0666666666666667,2021
"R1131","R1119",0.0769230769230769,2021
"R1131","R1122",0.0714285714285714,2021
"R1131","R1134",0.0666666666666667,2021
"R1131","R1139_L1197",0.0769230769230769,2021
"R1132","L1167",0.2,2021
"R1132","R1069",0.0769230769230769,2021
"R1132","R1097",0.0909090909090909,2021
"R1132","R838",0.2,2021
"R1133","L1167",0.0769230769230769,2021
"R1133","R1069",0.0588235294117647,2021
"R1133","R1078",0.0952380952380952,2021
"R1133","R1089",0.0625,2021
"R1133","R1122",0.0625,2021
"R1133","R1125",0.142857142857143,2021
"R1133","R1131",0.0555555555555556,2021
"R1133","R1151",0.0666666666666667,2021
"R1133","R1181",0.0714285714285714,2021
"R1133","R1205",0.0714285714285714,2021
"R1133","R714",0.466666666666667,2021
"R1133","R741_R1232",0.0714285714285714,2021
"R1133","R838",0.0588235294117647,2021
"R1134","R1105",0.125,2021
"R1135","R1078",0.1,2021
"R1135","R1121",0.105263157894737,2021
"R1135","R1135",0.0769230769230769,2021
"R1135","R1137",0.133333333333333,2021
"R1135","R1152",0.0769230769230769,2021
"R1137","L1128",0.0588235294117647,2021
"R1137","R1016_R1261",0.0769230769230769,2021
"R1137","R1078",0.166666666666667,2021
"R1137","R1105",0.0833333333333333,2021
"R1137","R1131",0.0666666666666667,2021
"R1137","R1139_L1197",0.0909090909090909,2021
"R1137","R1198",0.1,2021
"R1137","R838",0.0714285714285714,2021
"R1141","L1128",0.0769230769230769,2021
"R1143","R1078",0.0555555555555556,2021
"R1143","R1119",0.142857142857143,2021
"R1143","R1131",0.214285714285714,2021
"R1143","R1133",0.0714285714285714,2021
"R1143","R1135",0.0769230769230769,2021
"R1145","L1128",0.0714285714285714,2021
"R1145","R1105",0.111111111111111,2021
"R1145","R1141",0.25,2021
"R1145","R1163",0.2,2021
"R1147_L1194","R1095",0.1,2021
"R1147_L1194","R1119",0.166666666666667,2021
"R1147_L1194","R1135",0.0769230769230769,2021
"R1147_L1194","R1137",0.0909090909090909,2021
"R1151","R1090",0.0833333333333333,2021
"R1151","R1112",0.0909090909090909,2021
"R1151","R1121",0.0555555555555556,2021
"R1151","R1155",0.0909090909090909,2021
"R1151","R1211",0.142857142857143,2021
"R1151","R584",0.0909090909090909,2021
"R1155","R1089",0.0769230769230769,2021
"R1163","R1089",0.0909090909090909,2021
"R1163","R1102",0.125,2021
"R1166","R1112",0.125,2021
"R1171","R1078",0.0588235294117647,2021
"R1173","L1128",0.0625,2021
"R1173","R1069",0.125,2021
"R1173","R1078",0.111111111111111,2021
"R1173","R1089",0.0769230769230769,2021
"R1173","R1122",0.153846153846154,2021
"R1173","R1143",0.0909090909090909,2021
"R1173","R1155",0.0909090909090909,2021
"R1173","R837_R1118_L1228",0.0833333333333333,2021
"R1176","R1051",0.222222222222222,2021
"R1176","R1066",0.2,2021
"R1176","R584",0.111111111111111,2021
"R1181","R1092",0.2,2021
"R1181","R1123",0.0909090909090909,2021
"R1181","R1137",0.0909090909090909,2021
"R1184","R1141",0.5,2021
"R1184","R597",0.166666666666667,2021
"R1188","L1128",0.142857142857143,2021
"R1188","R1078",0.117647058823529,2021
"R1188","R1095",0.1,2021
"R1188","R1131",0.0666666666666667,2021
"R1188","R1135",0.2,2021
"R1188","R1137",0.181818181818182,2021
"R1188","R1173",0.0833333333333333,2021
"R1188","R1205",0.125,2021
"R1188","R597",0.111111111111111,2021
"R1189","R837_R1118_L1228",0.166666666666667,2021
"R1195","R1135",0.0769230769230769,2021
"R1202","R1173",0.1,2021
"R1204","R1202",0.333333333333333,2021
"R1205","R1126",0.166666666666667,2021
"R1205","R1151",0.125,2021
"R1205","R1230",0.25,2021
"R1206","R1016_R1261",0.125,2021
"R1206","R1109",0.142857142857143,2021
"R1206","R1137",0.0909090909090909,2021
"R1206","R1205",0.166666666666667,2021
"R1206","R597",0.125,2021
"R1208","R1206",0.166666666666667,2021
"R1208","R1225",0.25,2021
"R1208","R936",0.166666666666667,2021
"R1209","R1122",0.142857142857143,2021
"R1211","R1134",0.142857142857143,2021
"R1211","R1173",0.1,2021
"R1212","R1106",0.333333333333333,2021
"R1216","R1069",0.0833333333333333,2021
"R1216","R1089",0.0833333333333333,2021
"R1216","R714",0.0833333333333333,2021
"R1225","R1245",0.333333333333333,2021
"R1229","R1122",0.142857142857143,2021
"R1245","R1121",0.0555555555555556,2021
"R1250_R1264","R1091",0.142857142857143,2021
"R1250_R1264","R1093",0.2,2021
"R471","R627",0.2,2021
"R471","R837_R1118_L1228",0.125,2021
"R584","R1121",0.0588235294117647,2021
"R584","R1135",0.0666666666666667,2021
"R591","R1051",0.0909090909090909,2021
"R591","R1078",0.0526315789473684,2021
"R591","R1091",0.111111111111111,2021
"R591","R1102",0.0909090909090909,2021
"R591","R1152",0.125,2021
"R591","R584",0.0909090909090909,2021
"R591","R597",0.0909090909090909,2021
"R597","R1142",0.166666666666667,2021
"R627","R1016_R1261",0.125,2021
"R627","R1137",0.0833333333333333,2021
"R627","R1143",0.125,2021
"R714","R1095",0.0769230769230769,2021
"R714","R1131",0.0555555555555556,2021
"R714","R1137",0.0666666666666667,2021
"R714","R1155",0.0625,2021
"R714","R713",0.0833333333333333,2021
"R714","R838",0.0625,2021
"R729","R1097",0.2,2021
"R729","R1110",0.142857142857143,2021
"R729","R1116_R1300",0.142857142857143,2021
"R729","R1136",0.2,2021
"R729","R1140",0.25,2021
"R834","R1088",0.2,2021
"R834","R1133",0.0666666666666667,2021
"R837_R1118_L1228","R1089",0.166666666666667,2021
"R838","R1051",0.0833333333333333,2021
"R838","R1069",0.0714285714285714,2021
"R838","R1122",0.0769230769230769,2021
"R838","R1131",0.0588235294117647,2021
"R838","R1171",0.1,2021
"R838","R584",0.0833333333333333,2021
"R867","R1084",0.125,2021
"R901","R1097",0.1,2021
"R901","R867",0.142857142857143,2021
"R936","R1069",0.25,2021
"R936","R1089",0.0833333333333333,2021
"R936","R1133",0.0666666666666667,2021
"R936","R1155",0.125,2021
"R936","R1173",0.1,2021
"R936","R591",0.1,2021
"R936","R837_R1118_L1228",0.142857142857143,2021
"R936","R945",0.111111111111111,2021
"R945","R1051",0.1,2021
"R945","R1087",0.111111111111111,2021
"R945","R1102",0.111111111111111,2021
"R945","R1133",0.133333333333333,2021
"R945","R584",0.0909090909090909,2021
"R945","R591",0.0909090909090909,2021
"R945","R837_R1118_L1228",0.125,2021
"R990","R1078",0.0555555555555556,2021
"R990","R1095",0.111111111111111,2021
"R996","R1096_R1259",0.166666666666667,2021
"L1128","R1135",0.05,2022
"L1128","R1222",0.0666666666666667,2022
"L1128","R1237",0.04,2022
"L1128","R1250_R1264",0.0625,2022
"L1128","R1252",0.0476190476190476,2022
"L1128","R1263",0.0625,2022
"L1128","R1273",0.0454545454545455,2022
"L1128","R1287",0.111111111111111,2022
"R1004_R1249","R936",0.111111111111111,2022
"R1015","R923",1,2022
"R1016_R1261","R1268",0.0666666666666667,2022
"R1051","R1262",0.0666666666666667,2022
"R1062","R1222",0.2,2022
"R1062","R1239",0.0588235294117647,2022
"R1069","R1069",0.111111111111111,2022
"R1069","R1163",0.0769230769230769,2022
"R1069","R1258",0.1,2022
"R1069","R1262",0.0555555555555556,2022
"R1069","R936",0.0714285714285714,2022
"R1078","R837_R1118_L1228",0.111111111111111,2022
"R1089","R1069",0.111111111111111,2022
"R1090","R1136",0.153846153846154,2022
"R1090","R1254",0.0666666666666667,2022
"R1090","R1262",0.0555555555555556,2022
"R1093","L1128",0.0555555555555556,2022
"R1093","R1147_L1194",0.166666666666667,2022
"R1093","R1151",0.0714285714285714,2022
"R1093","R1237",0.0384615384615385,2022
"R1093","R1260",0.0833333333333333,2022
"R1093","R952",0.0625,2022
"R1096_R1259","R1116_R1300",0.125,2022
"R1096_R1259","R1151",0.142857142857143,2022
"R1096_R1259","R1231",0.0555555555555556,2022
"R1116_R1300","R1240",0.105263157894737,2022
"R1116_R1300","R1255",0.0588235294117647,2022
"R1119","R990",0.0769230769230769,2022
"R1121","R1093",0.0625,2022
"R1121","R1135",0.05,2022
"R1121","R837_R1118_L1228",0.0714285714285714,2022
"R1123","R1090",0.0588235294117647,2022
"R1123","R1119",0.153846153846154,2022
"R1123","R1222",0.0625,2022
"R1123","R1250_R1264",0.0526315789473684,2022
"R1123","R627",0.0526315789473684,2022
"R1133","R1090",0.0714285714285714,2022
"R1133","R1120",0.0555555555555556,2022
"R1133","R1147_L1194",0.0526315789473684,2022
"R1133","R1222",0.0588235294117647,2022
"R1133","R1243",0.0769230769230769,2022
"R1133","R1250_R1264",0.0526315789473684,2022
"R1133","R1303",0.0588235294117647,2022
"R1133","R627",0.0555555555555556,2022
"R1133","R873",0.0833333333333333,2022
"R1133","R888",0.0666666666666667,2022
"R1135","R1078",0.05,2022
"R1135","R1123",0.0434782608695652,2022
"R1135","R1239",0.0416666666666667,2022
"R1135","R627",0.0476190476190476,2022
"R1135","R814",0.0555555555555556,2022
"R1137","R1136",0.111111111111111,2022
"R1147_L1194","R1276",0.0625,2022
"R1147_L1194","R1303",0.117647058823529,2022
"R1151","R952",0.0833333333333333,2022
"R1161","R1252",0.05,2022
"R1163","R1004_R1249",0.222222222222222,2022
"R1163","R1136",0.0769230769230769,2022
"R1163","R1233",0.117647058823529,2022
"R1163","R1258",0.1,2022
"R1163","R1268",0.117647058823529,2022
"R1173","R1069",0.142857142857143,2022
"R1173","R1090",0.230769230769231,2022
"R1173","R1120",0.0555555555555556,2022
"R1173","R1231",0.0526315789473684,2022
"R1173","R1238",0.0476190476190476,2022
"R1173","R888",0.0833333333333333,2022
"R1173","R952",0.0714285714285714,2022
"R1181","R1250_R1264",0.0666666666666667,2022
"R1181","R1252",0.0416666666666667,2022
"R1181","R1260",0.0384615384615385,2022
"R1181","R1275",0.0476190476190476,2022
"R1222","R1120",0.0588235294117647,2022
"R1222","R1135",0.157894736842105,2022
"R1222","R1238",0.0454545454545455,2022
"R1222","R1253",0.0416666666666667,2022
"R1222","R990",0.166666666666667,2022
"R1231","R1069",0.0555555555555556,2022
"R1231","R1090",0.0555555555555556,2022
"R1231","R1120",0.181818181818182,2022
"R1231","R1121",0.105263157894737,2022
"R1231","R1136",0.0526315789473684,2022
"R1231","R1227",0.0625,2022
"R1231","R1237",0.0740740740740741,2022
"R1231","R1238",0.0434782608695652,2022
"R1231","R1243",0.0526315789473684,2022
"R1231","R1254",0.0555555555555556,2022
"R1231","R1255",0.136363636363636,2022
"R1231","R952",0.125,2022
"R1233","R1069",0.352941176470588,2022
"R1233","R1089",0.0714285714285714,2022
"R1233","R1136",0.0588235294117647,2022
"R1233","R1231",0.0476190476190476,2022
"R1233","R1268",0.111111111111111,2022
"R1233","R936",0.0588235294117647,2022
"R1233","R952",0.157894736842105,2022
"R1235","L1128",0.0833333333333333,2022
"R1235","R1093",0.0769230769230769,2022
"R1235","R1239",0.0555555555555556,2022
"R1236","R1093",0.0769230769230769,2022
"R1236","R1235",0.4,2022
"R1236","R1252",0.05,2022
"R1237","R1121",0.04,2022
"R1237","R1123",0.0740740740740741,2022
"R1237","R1135",0.037037037037037,2022
"R1237","R1147_L1194",0.0384615384615385,2022
"R1237","R1181",0.192307692307692,2022
"R1237","R1235",0.04,2022
"R1237","R1252",0.115384615384615,2022
"R1237","R1256",0.037037037037037,2022
"R1237","R1267",0.0357142857142857,2022
"R1237","R1270",0.04,2022
"R1237","R1287",0.0384615384615385,2022
"R1237","R1322",0.04,2022
"R1237","R696",0.04,2022
"R1237","R714",0.0384615384615385,2022
"R1237","R837_R1118_L1228",0.0384615384615385,2022
"R1238","R1062",0.05,2022
"R1238","R1119",0.05,2022
"R1238","R1123",0.0869565217391304,2022
"R1238","R1135",0.125,2022
"R1238","R1181",0.0454545454545455,2022
"R1238","R1227",0.0476190476190476,2022
"R1238","R1237",0.185185185185185,2022
"R1238","R1242",0.0476190476190476,2022
"R1238","R1253",0.166666666666667,2022
"R1238","R1256",0.0384615384615385,2022
"R1238","R1260",0.0740740740740741,2022
"R1238","R1272",0.12,2022
"R1238","R714",0.0384615384615385,2022
"R1239","R1147_L1194",0.0416666666666667,2022
"R1239","R1181",0.157894736842105,2022
"R1239","R1222",0.0555555555555556,2022
"R1239","R1236",0.0588235294117647,2022
"R1239","R1237",0.2,2022
"R1239","R1238",0.08,2022
"R1239","R1244",0.0588235294117647,2022
"R1239","R1260",0.0769230769230769,2022
"R1239","R837_R1118_L1228",0.105263157894737,2022
"R1240","R1096_R1259",0.0588235294117647,2022
"R1240","R1147_L1194",0.0434782608695652,2022
"R1240","R1231",0.05,2022
"R1240","R1238",0.04,2022
"R1240","R1265",0.0625,2022
"R1240","R1275",0.04,2022
"R1240","R1303",0.0476190476190476,2022
"R1240","R867",0.0588235294117647,2022
"R1240","R952",0.1,2022
"R1242","R1240",0.0588235294117647,2022
"R1243","R1096_R1259",0.111111111111111,2022
"R1243","R1240",0.0555555555555556,2022
"R1243","R1266",0.1,2022
"R1243","R1267",0.04,2022
"R1243","R990",0.0666666666666667,2022
"R1250_R1264","R1120",0.105263157894737,2022
"R1250_R1264","R1147_L1194",0.0909090909090909,2022
"R1250_R1264","R1237",0.0384615384615385,2022
"R1250_R1264","R1238",0.0434782608695652,2022
"R1250_R1264","R1239",0.1,2022
"R1250_R1264","R696",0.0666666666666667,2022
"R1250_R1264","R814",0.0666666666666667,2022
"R1251","R1096_R1259",0.0555555555555556,2022
"R1251","R1231",0.0434782608695652,2022
"R1251","R1233",0.0454545454545455,2022
"R1251","R1240",0.45,2022
"R1251","R1243",0.0526315789473684,2022
"R1251","R867",0.0588235294117647,2022
"R1251","R952",0.05,2022
"R1252","R1093",0.19047619047619,2022
"R1252","R1123",0.08,2022
"R1252","R1147_L1194",0.0952380952380952,2022
"R1252","R1222",0.04,2022
"R1252","R1235",0.142857142857143,2022
"R1252","R1238",0.0384615384615385,2022
"R1252","R1239",0.08,2022
"R1252","R1262",0.0434782608695652,2022
"R1252","R1270",0.0476190476190476,2022
"R1252","R1276",0.0476190476190476,2022
"R1252","R1287",0.0476190476190476,2022
"R1252","R873",0.05,2022
"R1253","R1078",0.0476190476190476,2022
"R1253","R1121",0.15,2022
"R1253","R1123",0.037037037037037,2022
"R1253","R1135",0.0434782608695652,2022
"R1253","R1237",0.115384615384615,2022
"R1253","R1260",0.037037037037037,2022
"R1253","R1303",0.0476190476190476,2022
"R1253","R627",0.0434782608695652,2022
"R1253","R990",0.0952380952380952,2022
"R1254","R1136",0.0625,2022
"R1254","R1233",0.0526315789473684,2022
"R1254","R1252",0.0434782608695652,2022
"R1254","R1260",0.0384615384615385,2022
"R1254","R1276",0.0526315789473684,2022
"R1255","R1096_R1259",0.0555555555555556,2022
"R1255","R1234",0.0588235294117647,2022
"R1255","R1240",0.1,2022
"R1255","R1242",0.0555555555555556,2022
"R1255","R1243",0.0555555555555556,2022
"R1255","R1251",0.157894736842105,2022
"R1255","R867",0.0588235294117647,2022
"R1255","R952",0.105263157894737,2022
"R1256","R1133",0.0434782608695652,2022
"R1256","R1147_L1194",0.08,2022
"R1256","R1231",0.0434782608695652,2022
"R1256","R1252",0.0384615384615385,2022
"R1256","R1253",0.0384615384615385,2022
"R1256","R1254",0.166666666666667,2022
"R1256","R1273",0.0384615384615385,2022
"R1256","R837_R1118_L1228",0.0416666666666667,2022
"R1256","R952",0.0434782608695652,2022
"R1258","R1089",0.333333333333333,2022
"R1258","R1233",0.133333333333333,2022
"R1258","R1266",0.111111111111111,2022
"R1260","R1121",0.0416666666666667,2022
"R1260","R1123",0.04,2022
"R1260","R1133",0.04,2022
"R1260","R1136",0.0384615384615385,2022
"R1260","R1137",0.0416666666666667,2022
"R1260","R1147_L1194",0.166666666666667,2022
"R1260","R1231",0.0384615384615385,2022
"R1260","R1235",0.0833333333333333,2022
"R1260","R1237",0.0740740740740741,2022
"R1260","R1250_R1264",0.115384615384615,2022
"R1260","R1252",0.04,2022
"R1260","R1256",0.178571428571429,2022
"R1260","R1263",0.0740740740740741,2022
"R1260","R1267",0.185185185185185,2022
"R1260","R1272",0.0769230769230769,2022
"R1260","R1303",0.0416666666666667,2022
"R1260","R696",0.0416666666666667,2022
"R1260","R714",0.0714285714285714,2022
"R1262","R1136",0.117647058823529,2022
"R1262","R1151",0.0588235294117647,2022
"R1262","R1163",0.176470588235294,2022
"R1262","R1231",0.05,2022
"R1262","R1233",0.05,2022
"R1262","R1254",0.0454545454545455,2022
"R1262","R1256",0.04,2022
"R1262","R958",0.0625,2022
"R1263","R1093",0.0454545454545455,2022
"R1263","R1135",0.0476190476190476,2022
"R1263","R1222",0.0625,2022
"R1263","R1237",0.0384615384615385,2022
"R1263","R1238",0.0434782608695652,2022
"R1263","R1239",0.0454545454545455,2022
"R1263","R1252",0.0769230769230769,2022
"R1263","R1253",0.0434782608695652,2022
"R1263","R1256",0.0384615384615385,2022
"R1266","R1116_R1300",0.1,2022
"R1266","R1240",0.117647058823529,2022
"R1266","R1251",0.0555555555555556,2022
"R1266","R1255",0.111111111111111,2022
"R1267","R1090",0.0434782608695652,2022
"R1267","R1121",0.0769230769230769,2022
"R1267","R1252",0.037037037037037,2022
"R1267","R1254",0.0833333333333333,2022
"R1267","R1256",0.25,2022
"R1267","R1303",0.0416666666666667,2022
"R1267","R627",0.0434782608695652,2022
"R1267","R952",0.0416666666666667,2022
"R1268","R1004_R1249",0.125,2022
"R1268","R1090",0.0555555555555556,2022
"R1268","R1136",0.0588235294117647,2022
"R1268","R1254",0.105263157894737,2022
"R1268","R1262",0.277777777777778,2022
"R1268","R867",0.0588235294117647,2022
"R1270","R1078",0.142857142857143,2022
"R1270","R1093",0.0769230769230769,2022
"R1270","R1227",0.2,2022
"R1271","R1116_R1300",0.125,2022
"R1271","R1233",0.0625,2022
"R1271","R1238",0.0476190476190476,2022
"R1271","R1254",0.0714285714285714,2022
"R1271","R1256",0.0434782608695652,2022
"R1271","R1267",0.0454545454545455,2022
"R1271","R1275",0.05,2022
"R1271","R1303",0.0909090909090909,2022
"R1271","R952",0.0909090909090909,2022
"R1272","R1173",0.0625,2022
"R1272","R1233",0.0434782608695652,2022
"R1272","R1237",0.0357142857142857,2022
"R1272","R1252",0.0434782608695652,2022
"R1272","R1254",0.157894736842105,2022
"R1272","R1256",0.0833333333333333,2022
"R1272","R1267",0.125,2022
"R1272","R714",0.0869565217391304,2022
"R1273","R1119",0.0454545454545455,2022
"R1273","R1123",0.04,2022
"R1273","R1147_L1194",0.0454545454545455,2022
"R1273","R1222",0.0434782608695652,2022
"R1273","R1235",0.0869565217391304,2022
"R1273","R1237",0.148148148148148,2022
"R1273","R1238",0.04,2022
"R1273","R1239",0.0384615384615385,2022
"R1273","R1250_R1264",0.0454545454545455,2022
"R1273","R1252",0.0740740740740741,2022
"R1273","R1253",0.0416666666666667,2022
"R1273","R1260",0.0769230769230769,2022
"R1273","R1263",0.136363636363636,2022
"R1273","R1267",0.037037037037037,2022
"R1273","R1270",0.05,2022
"R1273","R627",0.0416666666666667,2022
"R1275","R1078",0.105263157894737,2022
"R1275","R1093",0.0869565217391304,2022
"R1275","R1120",0.0454545454545455,2022
"R1275","R1147_L1194",0.285714285714286,2022
"R1275","R1237",0.153846153846154,2022
"R1275","R1238",0.125,2022
"R1275","R1239",0.08,2022
"R1275","R1252",0.166666666666667,2022
"R1275","R1253",0.217391304347826,2022
"R1275","R1256",0.0833333333333333,2022
"R1275","R1260",0.185185185185185,2022
"R1275","R1263",0.0454545454545455,2022
"R1275","R1267",0.0357142857142857,2022
"R1275","R1272",0.0434782608695652,2022
"R1275","R1273",0.130434782608696,2022
"R1275","R1303",0.15,2022
"R1275","R837_R1118_L1228",0.1,2022
"R1275","R990",0.0952380952380952,2022
"R1276","R1093",0.142857142857143,2022
"R1276","R1238",0.0434782608695652,2022
"R1276","R1256",0.0869565217391304,2022
"R1276","R1260",0.0416666666666667,2022
"R1276","R1273",0.05,2022
"R1276","R1275",0.105263157894737,2022
"R1276","R888",0.272727272727273,2022
"R1276","R952",0.142857142857143,2022
"R1287","R1135",0.166666666666667,2022
"R1299","R1240",0.0625,2022
"R1301","R1237",0.0384615384615385,2022
"R1301","R1276",0.111111111111111,2022
"R1302","R1313",1,2022
"R1303","R1093",0.0555555555555556,2022
"R1303","R1173",0.0769230769230769,2022
"R1303","R1238",0.0454545454545455,2022
"R1303","R1256",0.0869565217391304,2022
"R1303","R1272",0.0666666666666667,2022
"R1303","R1276",0.0769230769230769,2022
"R1303","R714",0.0909090909090909,2022
"R1305","R923",1,2022
"R1312","R1121",0.1,2022
"R1324","R1093",0.0769230769230769,2022
"R1325","R1240",0.0625,2022
"R1325","R1251",0.0588235294117647,2022
"R627","R1120",0.0526315789473684,2022
"R627","R1237",0.04,2022
"R627","R1238",0.0416666666666667,2022
"R627","R1239",0.05,2022
"R627","R1272",0.0526315789473684,2022
"R627","R837_R1118_L1228",0.0714285714285714,2022
"R714","R1093",0.0416666666666667,2022
"R714","R1121",0.0434782608695652,2022
"R714","R1131",0.0555555555555556,2022
"R714","R1133",0.0454545454545455,2022
"R714","R1253",0.037037037037037,2022
"R714","R1254",0.19047619047619,2022
"R714","R1256",0.08,2022
"R714","R1267",0.125,2022
"R714","R1271",0.0526315789473684,2022
"R714","R1273",0.0384615384615385,2022
"R714","R1275",0.04,2022
"R777_R889","R1253",0.05,2022
"R814","R1237",0.04,2022
"R814","R837_R1118_L1228",0.142857142857143,2022
"R837_R1118_L1228","R1123",0.0714285714285714,2022
"R838","R1287",0.25,2022
"R851_L1148","R1231",0.0666666666666667,2022
"R888","R1093",0.0666666666666667,2022
"R888","R1252",0.0454545454545455,2022
"R888","R936",0.0769230769230769,2022
"R888","R952",0.0714285714285714,2022
"R936","R1234",0.125,2022
"R936","R1262",0.0555555555555556,2022
"R936","R1266",0.0714285714285714,2022
"R936","R867",0.1,2022
"R945","R1237",0.04,2022
"R945","R1258",0.25,2022
"R952","R952",0.1,2022
"R958","R990",0.0833333333333333,2022
"R990","R1135",0.0952380952380952,2022
"R990","R1136",0.0588235294117647,2022
"R990","R1181",0.0555555555555556,2022
"R990","R1237",0.0740740740740741,2022
"R990","R1238",0.0476190476190476,2022
"R990","R1239",0.04,2022
"R990","R627",0.0555555555555556,2022
"R990","R814",0.0833333333333333,2022
